TIPODOCUMENTO,NUMDOCUMENTO,POSEECARRO,NOMBRE,DIRECCION
NIT,86-946-9810,1,Mallorie,07481 Arapahoe Parkway
NIT,26-735-7156,1,Galina,71 Spaight Drive
NIT,63-403-4037,1,Vina,4 Melody Drive
NIT,55-123-5187,0,Deane,6 Delaware Road
NIT,13-576-1435,1,Darelle,76 Meadow Valley Trail
NIT,24-200-2686,1,Livy,3 Barby Place
NIT,03-039-7108,1,Carlynne,988 Lake View Pass
NIT,53-831-0612,1,Johan,1943 Dennis Junction
NIT,58-670-2624,1,Rivi,651 Crownhardt Alley
NIT,25-508-1188,1,Marten,2 Schiller Street
NIT,80-037-1512,0,Jorry,8 Talisman Alley
NIT,19-337-2980,1,Mariann,98 Ridgeway Lane
NIT,32-396-8947,0,Petronille,9446 Caliangt Center
NIT,42-129-1755,0,Terrill,96737 Dottie Alley
NIT,50-806-1137,0,Ariana,654 Norway Maple Court
NIT,58-197-0595,1,Georas,322 Cottonwood Avenue
NIT,12-753-6261,0,Vilma,37 Pine View Avenue
NIT,83-223-4719,0,Nealon,348 Village Trail
NIT,88-736-4623,0,Fawne,3738 Eliot Center
NIT,08-830-1832,0,Liliane,4 Redwing Park
NIT,69-482-6726,0,Lissy,7 Forest Dale Avenue
NIT,45-161-4951,1,Moll,61279 Heath Hill
NIT,94-025-2086,0,Flynn,51 Nobel Place
NIT,21-646-6309,0,Brier,41 Daystar Court
NIT,27-196-9248,1,Morgana,438 Glacier Hill Drive
NIT,78-976-0797,1,Darbie,21 Autumn Leaf Park
NIT,87-176-2464,0,Hortense,30 Ludington Crossing
NIT,52-823-9883,1,Byrom,011 Donald Alley
NIT,13-983-6363,1,Aurie,9624 Commercial Way
NIT,75-305-7317,1,Nye,0376 Starling Plaza
NIT,20-207-0235,1,Lani,6509 Aberg Way
NIT,46-434-6152,1,Maximilien,038 Upham Street
NIT,34-194-7313,1,Charmion,4869 Calypso Street
NIT,61-364-5099,1,Tommi,33098 Hoepker Avenue
NIT,70-212-1304,0,Elysha,462 Forster Trail
NIT,31-002-2706,1,Bevvy,68601 Reindahl Center
NIT,58-038-4306,1,Melli,33 Cardinal Circle
NIT,74-808-2363,1,Dwain,4938 Southridge Court
NIT,55-973-5883,0,Maximo,836 Lighthouse Bay Alley
NIT,58-186-2151,0,Wiley,32 American Avenue
NIT,01-512-2807,1,Norris,61 Longview Junction
NIT,29-299-2795,1,Danila,82 Northridge Junction
NIT,00-285-0710,1,Annie,20 Corry Hill
NIT,50-429-7440,0,Kaycee,70119 Golf View Plaza
NIT,29-271-4857,1,Violetta,2783 Stang Court
NIT,88-329-8241,1,Loleta,423 Golden Leaf Avenue
NIT,87-069-8339,0,Gardener,825 Coleman Park
NIT,47-925-2379,1,Jada,55 Porter Terrace
NIT,63-712-7813,0,Jennifer,99 Farmco Place
NIT,14-025-0748,1,Annabella,70064 Rigney Point
NIT,45-104-6345,0,Lucinda,7919 Moulton Crossing
NIT,27-912-7943,1,Phillie,32280 Johnson Crossing
NIT,01-395-5550,1,Cara,2352 Porter Terrace
NIT,05-514-3925,1,Alexandr,913 Village Green Street
NIT,06-131-0511,1,Franchot,01700 Continental Place
NIT,95-633-7639,1,Adolf,3248 Canary Way
NIT,11-432-1584,1,Briney,820 Bluestem Road
NIT,39-658-1041,1,Rita,9 Elmside Pass
NIT,06-345-3010,0,Zorana,7 Golden Leaf Alley
NIT,21-388-3576,1,Trenton,1031 Fallview Park
NIT,78-087-0255,0,Margo,9 Vidon Park
NIT,87-921-3305,0,Consuelo,4 Hoffman Place
NIT,20-157-1038,0,Berenice,58245 Burrows Trail
NIT,83-254-0122,0,Imelda,9 Sloan Avenue
NIT,15-688-5323,1,Allsun,6 Summerview Terrace
NIT,69-827-5911,1,Georgine,11878 Eliot Place
NIT,66-433-9773,0,George,6 Cascade Street
NIT,70-847-3019,0,Tressa,47 Cascade Road
NIT,52-566-5621,1,Vicki,6002 Forest Run Court
NIT,10-642-2399,0,Laraine,8 Mosinee Avenue
NIT,92-126-6946,0,Lissie,10690 Emmet Pass
NIT,09-609-9275,0,Sigmund,23022 Forest Run Avenue
NIT,35-457-7863,0,Leonerd,6 Waywood Way
NIT,42-796-9246,1,Verna,841 Dapin Park
NIT,51-224-5992,1,Raffaello,67 Mccormick Parkway
NIT,06-664-8443,0,Chaddie,59 Jana Place
NIT,50-201-2990,1,Dela,872 2nd Street
NIT,72-931-4420,0,Sal,8 Jay Avenue
NIT,03-352-4792,1,Raff,0 Daystar Parkway
NIT,49-641-9166,0,Vernor,5609 Heffernan Court
NIT,08-951-0181,1,Guillema,966 Jay Junction
NIT,96-333-7097,0,Margaretha,1 Vera Way
NIT,75-214-4335,1,Shirlee,654 Northwestern Pass
NIT,13-394-2392,0,Lyman,691 Southridge Trail
NIT,68-748-3786,0,Balduin,3832 Randy Court
NIT,41-679-7032,1,Hortensia,100 Monument Avenue
NIT,55-026-5277,0,Charissa,33 Carioca Way
NIT,81-151-0170,1,Franzen,1 Burning Wood Alley
NIT,31-030-9469,0,Hayyim,3 Judy Parkway
NIT,80-652-0005,0,Ivie,5624 Schlimgen Way
NIT,22-262-0669,0,Alano,7355 Hazelcrest Pass
NIT,65-624-6394,1,Lev,517 Hoard Crossing
NIT,44-251-7258,1,Demetris,5 Laurel Street
NIT,99-944-7789,0,Mart,09834 Nova Point
NIT,71-059-4106,1,Ernest,62 Express Lane
NIT,03-819-5907,0,Pen,286 Eggendart Junction
NIT,08-927-5423,0,Yolanda,806 Truax Drive
NIT,68-728-8858,0,Pamela,4 Comanche Way
NIT,38-039-5956,0,Julissa,8823 Butterfield Hill
NIT,98-652-7546,1,Maje,03588 Oneill Hill
NIT,55-607-8527,0,Gui,7 Utah Pass
NIT,01-448-1299,0,Rogers,0187 Riverside Terrace
NIT,86-138-6616,0,Ginnie,68 Pond Trail
NIT,53-617-4943,1,Sibylla,81 Northview Parkway
NIT,90-051-5185,0,Janna,3216 Stephen Road
NIT,71-012-9760,1,Harbert,782 Emmet Center
NIT,34-238-4039,1,Mariya,8496 Glendale Street
NIT,34-542-8770,1,Fredericka,45 Nelson Drive
NIT,36-117-5188,0,Felisha,825 Cardinal Avenue
NIT,86-770-7189,1,Dorey,60 Eastwood Trail
NIT,92-151-0680,1,Culver,5 Mcbride Plaza
NIT,40-207-9484,0,Margalit,34576 Anderson Place
NIT,22-927-8525,1,Jeremias,080 Mandrake Drive
NIT,97-548-7037,0,Charles,141 Ryan Court
NIT,19-849-7400,1,Miquela,58 Carioca Terrace
NIT,40-067-8866,1,Jonah,44778 Dakota Trail
NIT,23-170-0200,1,Bonni,5114 Nova Pass
NIT,08-428-6607,1,Debee,5022 Basil Park
NIT,03-392-1456,0,Giovanna,55264 Sloan Drive
NIT,29-921-9429,1,Glen,26 Rieder Street
NIT,34-852-8006,0,Niki,7658 Linden Court
NIT,57-817-9491,1,Aprilette,468 Thompson Trail
NIT,35-074-7017,1,Torrence,38176 Tennyson Road
NIT,43-865-4237,0,Caesar,338 Ryan Place
NIT,19-723-1990,1,Britta,7347 Stephen Road
NIT,13-272-7811,1,Scott,687 Randy Hill
NIT,44-075-0621,1,Charyl,6 Golden Leaf Street
NIT,76-770-1588,1,Justina,641 Corben Circle
NIT,24-907-1901,0,Erika,3 Main Lane
NIT,63-901-8450,1,Lemmy,7075 Daystar Plaza
NIT,86-683-8766,0,Erwin,4 Sachtjen Crossing
NIT,93-178-1151,0,Robbert,2112 Dawn Pass
NIT,25-691-6947,0,Quinn,873 Miller Way
NIT,37-073-8505,1,Bethany,40 Sachtjen Avenue
NIT,30-764-5794,0,Domini,7902 Rusk Way
NIT,69-097-1143,0,Arlie,36127 Larry Pass
NIT,08-717-0982,0,Desiree,84 Waxwing Point
NIT,84-798-1091,1,Gardiner,239 Vernon Circle
NIT,78-946-3421,1,Fanechka,0 Donald Junction
NIT,00-601-8070,1,Jeana,93466 Warner Circle
NIT,74-982-9428,1,Hercules,050 Dakota Avenue
NIT,65-050-8138,1,Judi,7 Warrior Junction
NIT,88-480-4179,1,Dena,5 Rigney Pass
NIT,97-369-2812,0,Obadias,84 Main Parkway
NIT,44-903-8418,1,Emmalynne,19 Ilene Plaza
NIT,05-211-0337,0,Elayne,2 Walton Road
NIT,02-863-2095,1,Ellen,801 Center Avenue
NIT,41-723-9656,0,Emanuele,00698 Springview Park
NIT,33-096-2411,1,Quint,3 Bunting Crossing
NIT,50-500-4826,0,Dulcia,3324 John Wall Terrace
NIT,20-006-3726,1,Aguste,71269 Mcbride Hill
NIT,20-964-7230,1,Penny,91 Sutteridge Circle
NIT,23-115-8056,0,Sheelagh,868 Esch Road
NIT,92-036-9167,0,Sammie,4 Butterfield Junction
NIT,54-589-1307,0,Onfre,7 Mesta Trail
NIT,98-429-9290,0,Jaymee,20 Katie Terrace
NIT,10-507-5401,0,Fanchon,18191 Autumn Leaf Alley
NIT,29-422-1872,0,Jennilee,80839 Norway Maple Center
NIT,21-416-8004,1,Austen,78159 Jay Park
NIT,70-872-3914,0,Torrence,7682 Kedzie Trail
NIT,59-020-9991,0,Ricki,141 Barby Circle
NIT,19-248-9480,1,Michelle,4 Brentwood Terrace
NIT,70-537-4074,1,Nady,151 Garrison Hill
NIT,06-618-9423,1,Garth,1 Farwell Drive
NIT,76-336-3870,0,Eldon,37 Oneill Hill
NIT,32-702-6177,1,Taddeo,731 Ruskin Place
NIT,52-505-0919,1,Mirna,255 Michigan Pass
NIT,96-169-4742,1,Wait,37 Sloan Court
NIT,61-842-8499,1,Hedwig,636 Tennyson Pass
NIT,26-126-4426,1,Kinsley,951 Briar Crest Parkway
NIT,08-917-7004,0,Ugo,61 Lake View Way
NIT,89-880-7346,1,Carson,18 Chinook Park
NIT,78-663-6017,1,Caroline,89155 Welch Parkway
NIT,71-275-6369,0,Gottfried,9516 Washington Way
NIT,35-936-4788,0,Robin,16 Troy Lane
NIT,51-175-4479,1,Byrom,58135 Tony Circle
NIT,38-405-4386,1,Teena,37 Lakewood Gardens Crossing
NIT,45-703-7682,1,Nicolas,76509 Mallory Junction
NIT,12-547-5355,1,Valene,5565 Thackeray Road
NIT,55-161-4811,1,Perle,80636 Forest Hill
NIT,31-082-3906,0,Kenna,8585 Hayes Plaza
NIT,96-414-3841,0,Rhiamon,341 Linden Parkway
NIT,20-501-2475,1,Lindy,6 Scofield Parkway
NIT,91-501-7729,0,Philippine,245 Ilene Crossing
NIT,62-336-3384,0,Brok,239 Buhler Parkway
NIT,23-018-4386,0,Carlynne,28 Bonner Plaza
NIT,70-242-3417,1,Kipper,69466 Straubel Road
NIT,93-114-0106,0,Mitzi,0686 Crowley Road
NIT,39-054-9331,1,Micheline,93476 Knutson Circle
NIT,29-400-4822,0,Ludvig,14 Sundown Hill
NIT,69-259-6716,0,Melamie,6 Warner Drive
NIT,75-301-9711,1,Darbie,02476 Cottonwood Road
NIT,22-891-9352,0,Ansley,372 Calypso Parkway
NIT,27-001-1424,0,Claudetta,75701 Coolidge Lane
NIT,10-579-5451,0,Cathe,60157 Hudson Alley
NIT,85-498-1735,1,Siouxie,5 Delladonna Park
NIT,86-431-7947,0,Ulysses,0 Duke Plaza
NIT,17-188-1934,0,Kermie,1 Moulton Place
NIT,48-677-1037,1,Janeta,073 Hansons Alley
NIT,15-487-2331,1,Cinnamon,831 Sherman Center
NIT,42-451-8107,1,Wilhelm,94121 Sauthoff Alley
NIT,74-854-8218,0,Wallie,8089 Farragut Point
NIT,68-777-6247,0,Roman,7 Gulseth Center
NIT,61-975-6959,0,Brigham,0346 Corry Pass
NIT,94-999-1547,1,Goldia,37701 Chinook Place
NIT,15-673-1175,0,Even,89988 Melvin Junction
NIT,91-333-8824,1,Nerissa,8531 Eastlawn Circle
NIT,29-874-6957,0,Alison,7 Coolidge Drive
NIT,85-261-5275,1,Julian,02 Barby Road
NIT,03-546-9504,0,Nancey,619 Spaight Plaza
NIT,65-510-4567,0,Isa,5820 Talmadge Hill
NIT,79-563-6206,0,Cristabel,909 Cardinal Road
NIT,35-325-3236,0,Richy,27047 Loftsgordon Place
NIT,28-082-3902,1,Tate,0 Delladonna Center
NIT,14-136-4724,1,Bernadina,385 Truax Plaza
NIT,65-899-6765,1,Rita,40581 Ruskin Point
NIT,07-290-1231,1,Venus,288 Towne Place
NIT,78-584-4572,1,Kort,0 Ronald Regan Junction
NIT,47-318-2557,0,Raffarty,19978 Northland Hill
NIT,02-454-3035,1,Latrina,45 Stephen Plaza
NIT,19-108-1527,1,Hammad,7399 Forster Point
NIT,74-576-2778,1,Sena,0677 Pleasure Lane
NIT,10-394-1042,1,Rozanna,334 Green Way
NIT,65-249-9185,0,Viv,6803 Pankratz Pass
NIT,14-454-7077,0,Siusan,919 Heath Lane
NIT,62-311-6338,1,Lonnie,322 Armistice Park
NIT,61-645-7567,1,Yelena,877 Comanche Parkway
NIT,77-449-8516,1,Danila,2 Scoville Court
NIT,11-823-9890,0,Marni,1 International Alley
NIT,76-683-4068,0,Hasty,9 Buhler Parkway
NIT,99-293-1680,0,Trudey,599 Dixon Crossing
NIT,15-193-8446,0,Charlene,1 Luster Center
NIT,51-132-9847,0,Beverley,98 Clemons Parkway
NIT,29-089-7983,0,Linzy,2545 Tomscot Parkway
NIT,24-862-8329,1,Meier,84885 Oak Valley Junction
NIT,62-408-1365,1,Carolann,91179 Forster Way
NIT,24-198-3982,1,Deirdre,368 Morningstar Court
NIT,13-365-8061,1,Noah,85383 Anthes Junction
NIT,18-654-1032,0,Morse,8 Dwight Pass
NIT,69-341-3137,1,Zollie,3 Dovetail Alley
NIT,22-977-5835,1,Griselda,66 Mayfield Drive
NIT,17-608-5275,0,Neville,63873 Mallory Point
NIT,51-887-2410,1,Johnathon,85 Basil Park
NIT,95-372-6651,1,Malva,55 Swallow Court
NIT,25-128-0719,1,Flo,9404 Eliot Plaza
NIT,40-179-2808,1,Carlynne,64385 Loomis Place
NIT,51-265-8458,1,Correna,39 Shopko Place
NIT,61-224-5442,1,Monique,871 Banding Terrace
NIT,93-884-1798,1,Russ,83804 Leroy Crossing
NIT,51-347-5751,1,Afton,43348 Graedel Crossing
NIT,14-062-4905,1,Rich,77 Thompson Avenue
NIT,23-026-0406,0,Sheffy,6293 Farwell Parkway
NIT,92-838-8667,1,Artair,15 Carpenter Plaza
NIT,41-785-4695,1,Polly,6313 Anderson Street
NIT,13-090-9501,0,Carolus,65 Farragut Hill
NIT,31-701-5371,1,Benoite,3522 Roth Hill
NIT,73-075-4161,1,Alaine,24 Morning Point
NIT,25-350-9788,1,Hyacinthia,2022 Russell Crossing
NIT,19-450-0259,1,Sara,97 Superior Street
NIT,36-539-5808,0,Bronny,641 Ludington Pass
NIT,13-242-9417,1,Lorne,9222 Esch Place
NIT,29-060-9166,1,Samson,6 Prentice Junction
NIT,49-756-9233,1,Angie,210 Victoria Point
NIT,30-819-5196,0,Efrem,7 Debs Circle
NIT,13-265-4886,0,Clem,7449 Schlimgen Alley
NIT,00-824-1860,1,Richie,5 Summerview Terrace
NIT,64-246-3361,0,Wait,228 3rd Circle
NIT,17-397-5678,1,Marge,6740 Dwight Hill
NIT,35-169-1092,1,Barri,942 Armistice Place
NIT,72-535-9130,1,Julianne,8 Bayside Parkway
NIT,69-643-3766,1,Betta,1 Onsgard Place
NIT,63-071-1067,1,Tabby,304 Lukken Avenue
NIT,18-105-5519,1,Menard,37561 Londonderry Center
NIT,24-062-6922,0,Eloisa,58015 Rockefeller Drive
NIT,82-000-8202,1,Trevor,65679 Mayer Center
NIT,82-252-0151,1,Giles,75 Northwestern Way
NIT,99-648-3113,0,Faythe,27 Spenser Plaza
NIT,03-930-8028,0,Matty,40 Gulseth Road
NIT,59-375-6948,1,Anni,5342 Bultman Junction
NIT,84-559-5710,1,Dermot,7820 Paget Drive
NIT,90-486-6717,0,Lily,64 Moose Circle
NIT,10-666-4911,0,Patsy,6 Swallow Park
NIT,25-799-3999,1,Lindi,580 Spaight Crossing
NIT,44-341-7176,1,Robb,95548 Pepper Wood Trail
NIT,58-661-6204,1,Kimmie,1 Fieldstone Crossing
NIT,60-707-3587,0,Phip,520 Vernon Pass
NIT,75-892-2257,0,Templeton,4848 Graceland Parkway
NIT,49-268-4652,1,Miguelita,798 Corben Crossing
NIT,04-799-4889,1,Anselm,6 Autumn Leaf Pass
NIT,26-402-7374,1,Levin,5667 Northview Hill
NIT,29-789-5102,0,Dori,2806 Vernon Park
NIT,31-848-8552,1,Eddie,03 Karstens Street
NIT,21-609-7875,0,Lindsay,0526 East Parkway
NIT,91-367-0457,0,Randee,0 Garrison Avenue
NIT,64-382-6096,0,Odey,7 Arkansas Trail
NIT,56-208-0441,1,Akim,914 Union Alley
NIT,61-504-6954,0,Barthel,04 Randy Hill
NIT,28-247-7882,1,Saxe,62796 Tennyson Plaza
NIT,00-067-6986,1,Jimmy,96615 Shasta Court
NIT,24-511-9313,0,Townsend,86710 Katie Avenue
NIT,61-550-3284,1,Hilde,072 Barnett Place
NIT,86-870-3265,0,Pearl,73774 Hoffman Road
NIT,77-467-5639,1,Rebecca,51 Chinook Avenue
NIT,08-493-4855,1,Clive,790 Reinke Drive
NIT,80-220-8031,1,Melba,6 Walton Road
NIT,24-838-1421,0,Ward,5318 Mendota Place
NIT,95-104-6219,1,Yvette,1058 Washington Trail
NIT,42-627-5273,1,Heda,0262 Melvin Circle
NIT,49-319-6566,0,Vivian,61784 Vermont Center
NIT,68-584-9109,1,Deonne,35816 Dakota Plaza
NIT,56-426-3841,1,Reece,43 Service Junction
NIT,95-421-4372,1,Arlee,4 Nevada Trail
NIT,09-442-1174,1,Betteanne,990 Sauthoff Hill
NIT,52-893-8003,0,Erika,19 Hauk Plaza
NIT,56-168-6338,0,Wilow,564 Superior Circle
NIT,48-058-1497,1,Shana,2377 Moose Point
NIT,92-127-8993,1,Gae,2264 Aberg Terrace
NIT,02-080-7541,0,Hanson,916 Gateway Way
NIT,05-720-5176,1,Betta,41 Golf Course Plaza
NIT,74-847-2981,0,Hedwiga,9 Darwin Way
NIT,18-555-4101,0,Ellary,91361 Ridgeview Pass
NIT,51-054-1913,1,Clerissa,0179 Helena Terrace
NIT,74-188-6835,0,Henry,3458 Sloan Street
NIT,73-787-1405,0,Gwendolyn,9028 Schiller Point
NIT,30-265-0384,1,Luigi,8 Grim Center
NIT,67-569-4906,0,Freeland,7 Anniversary Point
NIT,57-319-0182,1,Anthiathia,966 Lyons Crossing
NIT,11-200-5667,1,Rourke,23377 Golf Course Center
NIT,03-774-9398,0,Leigh,392 Marcy Alley
NIT,47-379-4638,1,Maren,7128 Butterfield Point
NIT,23-183-6714,0,Dasi,03 Schurz Avenue
NIT,98-121-0056,1,Vilhelmina,599 Golden Leaf Terrace
NIT,66-273-4550,1,Christina,3937 Hauk Trail
NIT,87-959-8596,0,Gino,21236 Luster Road
NIT,88-643-6880,1,Tersina,0 Dexter Avenue
NIT,26-620-7288,0,Alejoa,3953 Eastwood Hill
NIT,25-098-0006,1,Jeno,733 Sundown Terrace
NIT,75-518-1743,0,Riobard,9 Burrows Drive
NIT,08-334-6687,1,Demetri,902 Helena Road
NIT,09-299-8276,1,Ned,9570 Cambridge Center
NIT,35-259-0507,0,Charmion,9806 Sachtjen Crossing
NIT,68-560-1444,0,Inesita,378 Nova Lane
NIT,52-739-6503,0,Jacky,85592 Portage Park
NIT,94-291-2669,0,Gunther,14474 Elmside Alley
NIT,12-739-1628,0,Kamillah,89033 Grayhawk Place
NIT,04-900-5175,1,Karlotta,79123 Hansons Pass
NIT,32-578-6722,0,Algernon,60 Hagan Avenue
NIT,02-449-3400,0,Phyllys,07 Harper Road
NIT,37-881-4356,1,Hernando,25220 Old Gate Plaza
NIT,87-762-3077,1,Lincoln,6 Schiller Crossing
NIT,61-539-3788,0,Kerrill,72 Caliangt Court
NIT,20-854-5547,1,Denna,11665 Jana Place
NIT,38-847-6203,1,Roberta,24921 Burrows Park
NIT,77-391-5564,0,Eduino,2441 Graceland Center
NIT,24-116-6453,1,Jervis,2 Dryden Park
NIT,02-543-2389,1,Melessa,61 Lukken Avenue
NIT,56-028-8788,1,Kirstin,8564 Mesta Park
NIT,12-206-9402,0,Iver,764 Manitowish Center
NIT,98-322-9147,0,Marinna,0029 Bunker Hill Park
NIT,12-771-3028,0,Jenda,0 Ridge Oak Avenue
NIT,87-127-6321,0,Albert,56127 Oak Alley
NIT,93-914-2566,1,Inigo,1 Dexter Alley
NIT,04-841-1991,0,Liana,25 Londonderry Hill
NIT,32-204-2203,1,Nester,62039 Bunker Hill Pass
NIT,51-158-9522,1,Fidelia,3 Westridge Circle
NIT,08-219-2764,1,Glennis,4 Hagan Junction
NIT,12-875-2000,0,Berri,2613 Express Point
NIT,67-414-1102,0,Oswell,5 Saint Paul Court
NIT,44-526-9610,0,Andeee,1680 Elmside Way
NIT,82-192-8229,0,Fransisco,6 Lighthouse Bay Road
NIT,31-068-8859,0,Valentina,042 Corscot Park
NIT,25-746-5119,0,Othella,93 Texas Way
NIT,28-368-7022,1,Chevy,6747 Carpenter Plaza
NIT,65-044-9554,0,Mikel,96 Fuller Trail
NIT,43-581-5545,0,Honey,2105 Springview Terrace
NIT,35-637-4421,0,Dita,6503 Anzinger Court
NIT,53-708-2940,1,Isidro,00758 Hazelcrest Pass
NIT,28-061-8897,0,Dacy,47 Schurz Parkway
NIT,09-283-1027,0,Lanette,4120 Coolidge Plaza
NIT,61-966-1318,0,Jodie,2882 Donald Parkway
NIT,22-401-1994,0,Chiarra,16 Union Plaza
NIT,88-900-5573,1,Cello,4816 Pepper Wood Street
NIT,88-674-6497,0,Bennett,5278 Onsgard Lane
NIT,30-689-2825,1,Lexi,13773 Daystar Street
NIT,38-435-3996,1,Zelma,2 Shopko Road
NIT,94-847-4367,0,Bowie,433 Lakewood Park
NIT,49-485-4888,0,Reuven,4 Mariners Cove Point
NIT,75-742-7659,1,Bernardine,4622 Victoria Drive
NIT,88-399-4504,1,Bronson,7 Maple Wood Lane
NIT,48-276-1969,1,Trstram,8 Hanson Way
NIT,32-835-3997,0,Jackelyn,96 Sutherland Center
NIT,53-212-3855,1,Claire,8 Mendota Crossing
NIT,46-863-2685,1,Sherie,84 Milwaukee Avenue
NIT,19-103-6439,0,Avis,1599 Center Way
NIT,99-258-0186,1,Clywd,87558 Becker Drive
NIT,33-072-4108,0,Dorthy,0090 Forest Run Parkway
NIT,02-015-3717,1,Isabel,46 Vahlen Court
NIT,29-390-9795,0,Egor,95194 Oak Parkway
NIT,01-811-9315,1,Terence,523 Farmco Court
NIT,84-332-0924,1,Daniella,2258 Mandrake Road
NIT,10-338-3189,0,Erda,9080 Swallow Alley
NIT,90-299-1545,0,Basilius,97047 Thompson Drive
NIT,70-690-8852,1,Minny,35 Summit Circle
NIT,09-988-3803,0,Rabi,0 Mccormick Trail
NIT,94-920-6999,0,Clint,0203 Melby Junction
NIT,74-055-8397,1,Kriste,52102 Lotheville Crossing
NIT,63-898-4945,0,Iormina,32 Prairieview Road
NIT,84-702-8916,1,Betteann,2 Harbort Parkway
NIT,37-161-7621,0,Davin,18 Talmadge Avenue
NIT,76-612-2732,0,Jarrett,7 Lotheville Plaza
NIT,22-564-7629,0,Elinore,95551 Darwin Junction
NIT,66-534-4111,1,Siana,46 Clove Center
NIT,71-215-7661,0,Keven,5 Continental Lane
NIT,20-507-7368,1,Steward,29 Onsgard Junction
NIT,75-517-8516,0,Regina,7 Stang Avenue
NIT,72-264-8443,0,Edin,22263 Village Plaza
NIT,78-234-4980,1,Isahella,7 Moose Drive
NIT,86-048-8643,0,Leanor,8754 Schmedeman Place
NIT,31-615-0228,0,Freda,75 Cambridge Drive
NIT,79-565-5067,0,Jesus,761 Judy Crossing
NIT,96-156-7933,1,Findlay,47289 Vera Park
NIT,44-640-3447,0,Vanna,26 Hoard Alley
NIT,16-481-1625,1,Charlotte,750 5th Court
NIT,47-978-2808,1,Janelle,85 Dwight Road
NIT,53-665-1609,0,Anthe,33986 Sachtjen Plaza
NIT,31-865-9997,1,Abner,5338 Mccormick Avenue
NIT,77-519-4147,0,Steven,76 Onsgard Terrace
NIT,76-693-4971,1,Gaultiero,2 Tomscot Parkway
NIT,91-767-9668,0,Bev,48164 Sachs Terrace
NIT,19-966-5782,0,Shaun,864 Mayfield Way
NIT,38-380-7904,0,Conny,98 Colorado Road
NIT,10-824-2150,0,Hermy,84146 Mitchell Avenue
NIT,55-467-0767,0,Hildy,7 Lakeland Way
NIT,58-045-2050,1,Joana,90658 Jenifer Hill
NIT,29-301-6858,0,Melvyn,50 Hovde Lane
NIT,57-667-9611,1,Mohandas,7 Hanover Way
NIT,52-382-5543,0,Leon,505 Barnett Pass
NIT,94-469-6187,1,Minnie,2709 Sage Crossing
NIT,96-021-2738,0,Sheila,74 Hollow Ridge Street
NIT,89-963-8088,0,Ofella,9 West Hill
NIT,70-860-2958,0,Teddie,6 Anderson Court
NIT,94-401-5222,1,Delilah,95136 Bowman Hill
NIT,60-774-4512,0,Gordy,6046 Elmside Trail
NIT,01-895-5061,0,Caddric,22467 Judy Terrace
NIT,01-548-7732,0,Zorah,917 Pawling Lane
NIT,98-320-0802,1,Clayton,14 Pine View Center
NIT,78-936-9190,0,Pollyanna,2 Steensland Plaza
NIT,85-958-8931,0,Fulvia,308 Main Court
NIT,89-418-0788,0,Helga,0 Lighthouse Bay Way
NIT,24-896-3767,0,Flemming,016 Sloan Crossing
NIT,53-943-3427,1,Garner,88546 Thackeray Parkway
NIT,51-346-6941,0,Willem,606 Crescent Oaks Way
NIT,29-070-1095,1,Zaneta,241 Hoard Alley
NIT,16-701-7270,1,Birk,8484 Dayton Center
NIT,31-336-4632,0,Terrell,2 Fordem Junction
NIT,61-297-3431,1,Harwell,55 Dayton Park
NIT,93-655-9737,1,Gauthier,46 2nd Alley
NIT,52-103-0976,1,Rosana,86104 Hagan Park
NIT,28-769-1144,1,Issiah,161 Surrey Way
NIT,20-145-1104,0,Deeyn,8675 Becker Drive
NIT,89-702-3590,0,Leese,194 Summer Ridge Center
NIT,66-028-0964,0,Emilie,24040 Sundown Court
NIT,08-127-8366,1,Bunnie,037 Mayfield Plaza
NIT,77-260-1614,0,Ysabel,7542 Welch Park
NIT,38-461-2422,0,Herbie,847 Melvin Road
NIT,42-459-2426,1,Alane,11 Daystar Avenue
NIT,75-281-7394,1,Ida,27067 Porter Trail
NIT,11-375-7046,0,Cristina,97 Ronald Regan Circle
NIT,84-273-0820,1,Merell,51971 Cascade Park
NIT,96-295-6192,1,Giralda,00 Ridge Oak Trail
NIT,57-526-8130,1,Yolanda,189 Arapahoe Parkway
NIT,33-217-5478,0,Layton,55435 Roth Court
NIT,86-567-9961,0,Celene,46564 Prairie Rose Park
NIT,46-959-7805,0,Dasi,4659 Paget Alley
NIT,29-008-0386,1,Hetti,686 Clemons Junction
NIT,47-344-0366,0,Marni,88 Canary Center
NIT,88-231-4858,0,Eba,661 Crowley Lane
NIT,01-799-0961,0,Hannie,5021 Old Gate Drive
NIT,33-514-8356,0,Faydra,484 Oak Valley Trail
NIT,79-169-1343,0,Maurie,2 Mcguire Center
NIT,73-567-9473,0,Francoise,4 Artisan Alley
NIT,42-026-8659,0,Dulciana,2407 Steensland Point
NIT,42-533-7385,1,Gisela,150 Rigney Way
NIT,92-017-4437,0,Paxon,7443 Maple Wood Plaza
NIT,42-502-9019,0,Gussie,07605 Jenna Center
NIT,11-282-9232,1,Ciel,8 Anthes Crossing
NIT,86-053-2542,1,Conrad,2 Vera Terrace
NIT,47-606-4155,1,Rusty,6 Monument Parkway
NIT,26-597-5424,0,Elysee,5 Colorado Place
NIT,37-394-5916,0,Christalle,23 Pankratz Place
NIT,44-825-1891,0,Melodee,16021 Farmco Trail
NIT,02-899-5462,0,Camey,3150 Lerdahl Pass
NIT,15-672-9950,0,Cosimo,4486 Warrior Court
NIT,81-595-6003,0,Aviva,661 Erie Parkway
NIT,69-244-4554,1,Tabatha,565 Corscot Road
NIT,37-757-1072,0,Blinni,06 Sloan Lane
NIT,45-965-7178,1,Spenser,1 Scott Point
NIT,81-982-1756,1,Evvie,1836 Hintze Lane
NIT,18-350-8401,0,Gawen,364 Pond Circle
NIT,98-549-5688,1,Bride,828 Moulton Crossing
NIT,99-177-7925,1,Martyn,1 Fulton Avenue
NIT,16-102-8389,1,Iormina,548 Namekagon Plaza
NIT,43-923-6635,0,Dierdre,9152 Loftsgordon Junction
NIT,28-091-3363,1,Annabella,287 Anhalt Way
NIT,31-851-0927,1,Daryl,279 Knutson Pass
NIT,64-917-2158,1,Hort,355 Annamark Park
NIT,87-748-8324,0,Horacio,95641 American Ash Avenue
NIT,93-977-7489,1,Bern,68281 Kennedy Parkway
NIT,57-771-4824,1,Caryl,0 David Park
NIT,79-167-2541,1,Sharl,54089 Arrowood Junction
NIT,44-580-2420,1,Wesley,0 Vernon Hill
NIT,72-967-7698,0,Elisha,1391 Lotheville Junction
NIT,12-493-5212,0,Chauncey,31524 Clemons Parkway
NIT,39-921-8991,1,Ingmar,75 Talmadge Point
NIT,21-154-3292,0,Vlad,9963 Farwell Way
NIT,16-580-9856,0,Claude,8700 Loomis Street
NIT,09-842-2408,0,Olivette,185 Mandrake Pass
NIT,94-429-0698,1,Uriah,50 Meadow Ridge Road
NIT,11-104-7825,1,Hilario,36796 Walton Parkway
NIT,71-141-1013,0,Cory,8 Park Meadow Crossing
NIT,58-342-8290,0,Maryellen,2 Nelson Street
NIT,27-936-4687,1,Kristal,0256 Dahle Terrace
NIT,00-878-5033,1,Annmarie,14124 Kim Alley
NIT,99-041-2574,1,Kessia,3381 Burrows Park
NIT,04-069-7533,0,Bernette,90 Hudson Court
NIT,27-251-6694,1,Tiena,70876 Hermina Pass
NIT,22-110-7239,0,Adelice,997 Eagan Road
NIT,90-982-1827,0,Van,728 Dawn Alley
NIT,75-749-3405,1,Viv,844 Reinke Pass
NIT,15-284-9873,0,Jarib,9 Thackeray Crossing
NIT,00-919-9391,0,Gavra,75 Golf Course Junction
NIT,88-693-8992,0,Franny,56395 Mariners Cove Road
NIT,98-706-7936,1,Gilles,327 Orin Alley
NIT,55-092-3460,1,Purcell,7620 Westerfield Center
NIT,89-582-5375,1,Carley,8312 Bunker Hill Junction
NIT,61-257-9094,0,Zonda,10 Anderson Drive
NIT,46-771-8154,1,Verne,219 Columbus Terrace
NIT,36-893-6975,1,Maxie,443 Ryan Drive
NIT,38-001-2243,0,Tamara,862 Brentwood Hill
NIT,41-923-0611,0,Billy,7376 Fulton Way
NIT,50-467-8816,1,Ennis,97622 Eastwood Point
NIT,71-463-4423,1,Marcela,4 Claremont Plaza
NIT,01-607-9573,0,Gene,63 Mcguire Lane
NIT,35-882-6486,1,Charlotta,4 Vermont Court
NIT,30-093-7393,1,Brunhilde,30212 Karstens Center
NIT,54-332-8538,0,Caesar,89 Bonner Plaza
NIT,13-277-2584,0,Alix,00 Mcguire Crossing
NIT,30-781-3929,0,Pattie,531 Vidon Center
NIT,50-741-5894,1,Terrel,156 Clarendon Way
NIT,45-695-0218,0,Merilyn,13 Twin Pines Terrace
NIT,37-385-0248,0,Morty,869 Dennis Street
NIT,23-697-2818,1,Elvina,20336 Waubesa Center
NIT,54-793-2943,0,Olympia,7 Carey Point
NIT,48-356-3028,0,Judie,3 Mesta Plaza
NIT,47-285-2597,0,Marcellus,80 Bashford Terrace
NIT,43-282-5631,1,Bel,19502 Mandrake Court
NIT,19-427-5496,1,Erwin,037 Golf Course Point
NIT,63-218-1733,0,Edwina,054 Westport Parkway
NIT,07-475-1436,1,Salim,1 Norway Maple Road
NIT,48-792-9057,0,Viviyan,794 Grasskamp Circle
NIT,54-252-6387,0,Kimbra,5 5th Hill
NIT,48-459-1373,0,Demetria,3 Gulseth Trail
NIT,17-244-1780,1,Fionnula,1744 Maywood Point
NIT,26-592-0732,1,Nathan,5 Sachtjen Avenue
NIT,20-969-6710,1,Bettine,965 Schlimgen Center
NIT,29-925-9763,0,Tammy,36 Maryland Road
NIT,62-621-7912,1,Chrysa,8 Dovetail Street
NIT,03-192-7261,0,Gawain,4554 John Wall Street
NIT,52-906-9228,0,Lon,2 Manitowish Point
NIT,21-777-0447,1,Derby,7385 Washington Hill
NIT,78-731-4972,0,Noll,4871 Daystar Junction
NIT,56-320-8105,0,Klara,1 Randy Terrace
NIT,03-090-5282,0,Henrie,5 Melody Drive
NIT,07-482-6853,1,Englebert,656 7th Street
NIT,59-082-9752,0,Wheeler,5936 Lakeland Court
NIT,01-591-4676,1,Dalli,3767 Northfield Junction
NIT,88-437-4795,0,Alta,898 Birchwood Crossing
NIT,87-426-0735,1,Cornelia,2 American Court
NIT,17-531-5262,0,Saidee,06 Wayridge Street
NIT,54-459-2515,1,Emma,9 Haas Trail
NIT,87-297-0238,1,Aleen,8756 Atwood Terrace
NIT,27-337-8432,0,Leslie,5908 Mariners Cove Lane
NIT,30-706-9697,0,Jessamine,752 Cherokee Circle
NIT,71-434-5335,1,Fabiano,206 Blaine Avenue
NIT,85-340-2794,1,Chrissy,95616 Northview Place
NIT,59-251-5315,1,Lacee,4 Rigney Court
NIT,94-100-1675,0,Monro,61 Jay Terrace
NIT,07-055-9162,0,Vannie,112 Rusk Point
NIT,71-378-0450,0,Elfie,3 Sloan Way
NIT,43-514-3158,1,Tamarah,38239 Tennessee Drive
NIT,99-228-1152,0,Hubert,28681 Spohn Trail
NIT,09-048-7349,0,Ellery,0440 Lien Circle
NIT,21-589-7149,1,Dulci,68 Magdeline Road
NIT,53-572-8086,1,Lotti,58 Golf Course Parkway
NIT,94-734-8346,0,Rolph,86350 Tennyson Drive
NIT,79-991-0957,0,Benedicta,5385 Gerald Park
NIT,57-469-3956,0,Scarface,85 Nevada Circle
NIT,84-379-4865,0,Mohammed,3 Sundown Park
NIT,79-545-6003,0,Caritta,348 Spenser Way
NIT,02-888-0921,1,Ellis,75724 Artisan Street
NIT,65-999-0803,0,Bea,1942 Green Ridge Avenue
NIT,29-743-0707,0,Bernadina,61110 Sheridan Road
NIT,17-583-2001,0,Boycey,7 Maple Trail
NIT,35-134-7986,0,Suki,98 Parkside Junction
NIT,03-280-7454,1,Darleen,91 International Way
NIT,57-811-0598,1,Shelden,05 Oriole Parkway
NIT,69-592-4413,1,Hersch,15 Artisan Junction
NIT,03-365-7072,0,Hailee,951 Summer Ridge Point
NIT,74-742-2041,0,Lisa,62242 Pond Way
NIT,82-636-4272,0,Vaclav,1 Maple Alley
NIT,30-991-7731,1,Frankie,57641 Lotheville Plaza
NIT,26-281-0517,0,Darleen,8738 Del Sol Place
NIT,38-999-1616,0,Lin,046 Pond Road
NIT,23-951-3014,1,Emlen,16538 Manufacturers Place
NIT,60-383-8666,0,Romola,0 Kim Way
NIT,82-754-7983,1,Mignonne,2650 Clemons Avenue
NIT,50-647-4804,1,Romona,18666 Westridge Terrace
NIT,98-366-4344,1,Augustus,483 Rockefeller Lane
NIT,91-498-2230,1,Bidget,8718 Lindbergh Place
NIT,06-118-7799,0,Kurt,0 Rusk Hill
NIT,72-058-4111,1,Casi,63811 Blackbird Circle
NIT,05-963-3403,0,Olva,63 Vahlen Park
NIT,69-058-2986,0,Addia,48209 Lukken Circle
NIT,25-855-3201,1,Johna,06718 Ryan Court
NIT,75-463-0715,1,Calida,29722 Bunker Hill Way
NIT,08-228-8049,1,Floria,0 Lake View Center
NIT,92-587-6371,0,Zonnya,3212 Columbus Way
NIT,19-325-7644,0,Melinda,6570 Butterfield Plaza
NIT,48-919-1025,1,Kali,50 Shasta Lane
NIT,59-287-4036,0,Carney,33640 Hayes Hill
NIT,93-059-5256,0,Binky,2 Delladonna Park
NIT,97-339-4571,1,Melita,58 Spohn Point
NIT,38-763-9678,0,Verla,56540 Sachtjen Alley
NIT,83-306-0790,0,Ludvig,6969 Clemons Court
NIT,80-369-1312,0,Emlynn,6845 Forest Run Place
NIT,50-073-9628,0,Leicester,09580 Myrtle Place
NIT,53-776-4782,1,Annelise,19 Sutherland Street
NIT,42-335-7202,0,Perle,19 Sachtjen Trail
NIT,80-719-2233,1,Theodosia,865 Cody Center
NIT,08-985-4051,1,Janetta,23926 Elmside Alley
NIT,09-639-0308,0,Louie,8 Parkside Crossing
NIT,20-275-8518,1,Dorelia,443 Crest Line Street
NIT,48-936-2475,1,Marve,2723 Quincy Alley
NIT,18-335-9870,1,Helenelizabeth,052 Oriole Road
NIT,52-427-7927,0,Raviv,6 Westend Court
NIT,60-248-5425,1,Mikaela,1548 Cordelia Pass
NIT,65-600-5999,0,Sauveur,9588 Shelley Road
NIT,72-714-4839,1,Norbert,703 Lakeland Alley
NIT,30-736-4874,1,Wallas,99 Shoshone Park
NIT,19-419-6746,0,Tybi,47567 Eggendart Crossing
NIT,07-954-5490,1,Nettie,7 Northridge Court
NIT,35-739-5065,1,Orelee,8189 Pine View Circle
NIT,98-654-8676,1,Lorilee,451 Hoard Drive
NIT,26-369-5163,1,Alvera,98 Fair Oaks Hill
NIT,93-647-3210,0,Nichols,64 Grayhawk Road
NIT,61-309-0180,1,Sadie,01 Trailsway Point
NIT,90-050-2612,1,Irina,90531 Upham Parkway
NIT,70-928-4607,0,Olympe,331 Scott Point
NIT,99-901-6063,0,Shara,02475 Clyde Gallagher Lane
NIT,28-217-5290,0,Krispin,7 Nova Parkway
NIT,01-106-1180,1,Gertruda,84833 Hazelcrest Pass
NIT,49-230-9714,0,Egon,19 Delladonna Avenue
NIT,08-566-5953,0,Constantia,87982 Anniversary Trail
NIT,53-861-7350,0,Cully,414 Butterfield Point
NIT,32-713-6575,0,Adela,52854 Pleasure Pass
NIT,05-952-6151,0,Kerwin,1108 Buena Vista Pass
NIT,83-662-0004,1,Hetty,7683 Oriole Plaza
NIT,96-092-2403,1,Noll,0 Homewood Street
NIT,36-627-1630,1,Reagan,0820 Springview Crossing
NIT,39-369-9998,0,Indira,13 Lukken Hill
NIT,97-969-5722,0,Sampson,4327 Armistice Lane
NIT,29-193-4657,1,Zenia,35442 Florence Road
NIT,65-111-0038,0,Larry,220 Pine View Alley
NIT,23-380-7710,1,Spike,8382 Northfield Crossing
NIT,13-239-1452,0,Cobby,85330 Kedzie Trail
NIT,06-841-8035,0,Genna,3 Warbler Point
NIT,61-000-3929,1,Odette,20105 Moland Lane
NIT,29-464-5798,1,Allsun,1 Knutson Plaza
NIT,50-209-4412,1,Hubey,2 John Wall Junction
NIT,22-865-6012,0,Renard,30 Buhler Court
NIT,65-660-2408,1,Sandro,0928 Hermina Trail
NIT,57-576-7190,1,Tabina,81658 Onsgard Place
NIT,27-215-0281,0,Griz,62 Carberry Terrace
NIT,76-424-8641,1,Jocko,2714 Blackbird Plaza
NIT,12-221-0997,0,Gwenneth,1 Starling Pass
NIT,72-668-1352,1,Faye,8871 Doe Crossing Park
NIT,72-552-4675,0,Emera,22645 American Pass
NIT,89-586-4317,0,Fay,016 South Street
NIT,53-007-8267,0,Spike,556 Twin Pines Street
NIT,76-538-2276,1,Bat,1 Boyd Way
NIT,69-800-4002,0,Pippa,2835 Pond Circle
NIT,18-884-5667,0,Dorothy,223 Artisan Terrace
NIT,27-098-7259,0,Cornell,67 Longview Hill
NIT,44-289-9319,0,Danila,96333 Hovde Parkway
NIT,32-510-8041,1,Claudianus,6 Anthes Court
NIT,12-600-6631,0,Karel,21 Thierer Plaza
NIT,12-505-5924,0,Bryce,8904 Shasta Point
NIT,49-163-9899,0,Evita,274 Di Loreto Trail
NIT,24-689-4706,0,Jaime,787 Logan Hill
NIT,22-034-2800,1,Greta,323 Waxwing Point
NIT,12-984-4877,0,Nerti,57 Burning Wood Pass
NIT,28-138-0867,1,Shane,4822 Menomonie Pass
NIT,67-484-9382,1,Jackie,91460 Rieder Court
NIT,51-006-7350,1,Mahalia,1298 Southridge Avenue
NIT,80-606-4400,1,Gabie,7316 Cardinal Pass
NIT,74-657-6644,1,Berthe,3118 Schmedeman Place
NIT,37-662-2446,1,Renata,3 Manitowish Hill
NIT,26-467-7900,0,Krishnah,25 Graedel Parkway
NIT,60-435-2811,1,Borden,89926 Hovde Center
NIT,11-317-6752,1,Granville,2316 Kedzie Hill
NIT,25-661-9738,1,Karlene,0 Prentice Terrace
NIT,38-743-0147,1,Sinclare,80162 Vermont Plaza
NIT,87-402-5317,0,Herb,7 American Hill
NIT,72-328-7437,1,Perry,38689 Claremont Circle
NIT,64-449-8750,1,Feodor,59903 Lyons Terrace
NIT,25-108-1924,1,Raynell,49151 Troy Center
NIT,74-773-5629,0,Carr,43 Springs Place
NIT,67-867-9377,1,Ashton,1197 Arrowood Center
NIT,32-373-0428,0,Cris,35 Maple Road
NIT,38-735-1029,0,Thaddeus,247 Village Crossing
NIT,26-482-5038,1,Hettie,0310 Crowley Point
NIT,87-557-6678,1,Emlyn,156 Westport Park
NIT,34-438-3629,0,Nathalie,75 Havey Road
NIT,14-738-4761,1,Shannon,6 Moland Pass
NIT,57-587-6232,0,Alicia,098 Drewry Trail
NIT,82-047-4626,1,Fleurette,18416 Dottie Point
NIT,45-658-9187,0,Esra,6 Milwaukee Center
NIT,11-485-9891,0,Ezra,63565 Fisk Alley
NIT,46-883-9953,1,Brantley,6678 Crowley Junction
NIT,04-467-7958,0,Pierrette,44866 Petterle Terrace
NIT,72-490-5407,0,Annie,0 Hermina Avenue
NIT,06-930-9124,1,Sue,9252 Rieder Plaza
NIT,47-793-5783,1,Nap,919 Eggendart Park
NIT,00-071-2844,0,Darius,6077 Killdeer Parkway
NIT,03-133-9142,0,Gaspard,311 Killdeer Avenue
NIT,15-722-6494,1,Charmaine,893 Oak Crossing
NIT,03-624-0464,1,Korry,90 High Crossing Road
NIT,89-919-8348,1,Diarmid,07355 3rd Pass
NIT,50-160-1721,0,Perry,32 Nelson Avenue
NIT,84-346-7381,1,Zabrina,50638 Katie Alley
NIT,96-182-2278,1,Cass,4903 Mayer Alley
NIT,36-952-2291,0,Myrwyn,595 Dahle Point
NIT,06-595-5936,0,Mandi,4 International Place
NIT,31-709-8232,0,Carling,16312 Farwell Lane
NIT,88-683-0915,1,Alvina,726 John Wall Crossing
NIT,16-579-1240,0,Chariot,14 Elmside Point
NIT,98-407-4309,1,Nissy,15303 Stephen Alley
NIT,05-326-1194,1,Jameson,8 Manufacturers Street
NIT,68-278-0071,0,Dehlia,3586 Lukken Street
NIT,21-212-4804,1,Cosmo,78052 Prairieview Alley
NIT,20-013-4972,0,Basilio,8111 Marquette Street
NIT,20-016-7204,0,Bud,823 Annamark Avenue
NIT,70-126-4273,1,Lionello,7228 Golden Leaf Avenue
NIT,41-213-0529,1,Derick,747 Oak Plaza
NIT,46-002-6356,0,Gradey,7 Northridge Court
NIT,82-605-5118,0,Jacquette,0373 Artisan Way
NIT,77-287-0843,0,Tomi,5521 Scofield Circle
NIT,07-634-0866,0,Winnifred,9070 Forest Circle
NIT,60-813-5599,0,Jonah,55 Sycamore Hill
NIT,83-626-3098,0,Cesar,05 Prairie Rose Park
NIT,72-131-0127,0,Ulla,1395 Messerschmidt Park
NIT,11-831-6234,1,Kissiah,02011 Westridge Road
NIT,34-388-2437,0,Tommy,470 Erie Alley
NIT,86-796-8249,0,Cart,44911 La Follette Road
NIT,83-549-2519,0,Kalle,09 Longview Hill
NIT,61-946-6856,1,Ashla,8099 Brickson Park Way
NIT,63-150-4554,1,Allen,82588 Hayes Court
NIT,82-501-7023,1,Erich,85 Red Cloud Center
NIT,65-098-6447,1,Prentiss,1507 Elgar Parkway
NIT,58-018-7998,1,Locke,8 Stuart Park
NIT,56-763-5084,1,Korry,06938 Stone Corner Street
NIT,71-508-6891,0,Cammy,3 Johnson Alley
NIT,57-004-2152,0,Norry,1 Utah Pass
NIT,74-273-8436,0,Karola,52409 Sommers Crossing
NIT,24-143-9063,1,Rey,3 Meadow Ridge Circle
NIT,44-311-8808,1,Rhonda,05 Fremont Junction
NIT,06-156-6272,1,Tessa,7 Menomonie Hill
NIT,59-057-9843,1,Nadine,3666 Moland Road
NIT,09-417-2434,1,Allyn,5722 4th Parkway
NIT,83-356-5865,0,Duff,5 2nd Place
NIT,10-528-7756,1,Yvette,1695 Hollow Ridge Point
NIT,97-855-0785,0,Skylar,1115 Basil Junction
NIT,78-416-3711,0,Lita,5426 Comanche Crossing
NIT,53-425-0737,0,Karney,078 Golf Trail
NIT,16-623-6565,0,Maura,0 Twin Pines Park
NIT,07-974-3782,1,Suzi,89486 Colorado Lane
NIT,54-382-8392,0,Preston,78 Kim Hill
NIT,78-641-1270,1,Cecily,02 Lakewood Center
NIT,35-691-8079,1,Dun,62919 Bartelt Point
NIT,03-133-7690,0,Jerry,5147 Shelley Terrace
NIT,07-671-8939,1,Philippe,202 Judy Avenue
NIT,03-580-1521,0,Natasha,3046 Montana Street
NIT,19-226-4338,1,Harrie,767 Drewry Street
NIT,52-936-3808,0,Monty,3952 Sycamore Pass
NIT,07-892-3106,0,Jillian,112 Lukken Drive
NIT,20-127-5485,1,Iormina,9 Summer Ridge Alley
NIT,76-862-2300,0,Odetta,732 Valley Edge Way
NIT,08-210-9747,1,Aldin,7535 Petterle Plaza
NIT,80-936-5149,0,Roselin,2769 Onsgard Parkway
NIT,42-707-5228,0,Ursola,22 Northland Alley
NIT,72-816-3335,1,Waiter,122 Scott Trail
NIT,80-275-1164,1,Lorrayne,505 Roth Place
NIT,20-599-7492,1,Monah,9 Bluestem Pass
NIT,34-070-9411,0,Vanda,51638 Northwestern Plaza
NIT,51-062-9109,0,Augie,35 Stuart Road
NIT,10-075-1776,0,Tootsie,53688 Swallow Park
NIT,70-858-7674,1,Jyoti,7223 Schmedeman Parkway
NIT,44-623-6313,1,Sutton,809 Memorial Parkway
NIT,70-597-4037,1,Marni,908 Superior Court
NIT,80-402-7669,0,Vincenty,11707 Hoepker Alley
NIT,20-815-6537,0,Lorna,508 Sage Avenue
NIT,47-087-9237,0,Pincus,25 Starling Place
NIT,42-785-1045,1,Shea,3 Oak Valley Point
NIT,57-622-0002,0,Anne,7490 Melvin Plaza
NIT,41-257-6160,1,Rasla,52 Milwaukee Lane
NIT,53-833-6591,1,Ferris,06650 Little Fleur Hill
NIT,36-980-4215,0,Mirabel,2 Fremont Pass
NIT,19-360-7956,1,Andeee,25 West Park
NIT,37-668-0162,1,Durante,75065 Ronald Regan Drive
NIT,21-876-1611,0,Meade,37 Raven Plaza
NIT,13-700-9667,0,Isador,4 Dwight Street
NIT,89-799-3248,1,Thomas,89 Main Way
NIT,77-961-5817,1,Rand,85236 Talisman Plaza
NIT,64-794-0444,1,Kevon,559 Florence Way
NIT,57-835-4828,1,Kaycee,56119 Mosinee Hill
NIT,75-149-4564,0,Broderick,14578 Towne Court
NIT,99-675-5932,1,Heinrick,065 Pleasure Park
NIT,61-611-8272,1,Eliza,3 Bultman Parkway
NIT,99-603-6139,1,Gauthier,777 Crowley Place
NIT,77-985-0268,0,Karena,02754 Portage Pass
NIT,50-946-7720,0,Phyllida,384 Goodland Way
NIT,09-819-8462,0,Arabel,347 Lukken Street
NIT,77-505-5950,1,Onfroi,18049 Towne Circle
NIT,34-731-5414,1,Joane,4 Heffernan Place
NIT,33-727-8475,1,Batsheva,97 1st Hill
NIT,91-745-3095,1,Jobey,125 Mitchell Point
NIT,53-054-6031,0,Kathryne,10 Muir Point
NIT,62-906-2349,1,Harmon,9427 Manufacturers Park
NIT,93-742-4864,1,Rancell,94 Montana Junction
NIT,72-501-8652,1,Joey,98 Darwin Road
NIT,62-821-6888,0,Cindi,0 Bartillon Hill
NIT,65-411-9902,0,Tobi,241 American Parkway
NIT,51-907-3555,0,Ian,765 Almo Point
NIT,37-581-5786,0,Anette,1 Little Fleur Parkway
NIT,32-963-4844,0,Sibelle,5871 Dakota Terrace
NIT,17-524-7575,1,Hermina,84 Cascade Circle
NIT,07-719-4704,0,Stefanie,72308 Vahlen Terrace
NIT,47-516-8620,1,Beryle,7117 Scofield Avenue
NIT,81-408-4275,1,Iggy,32168 Boyd Hill
NIT,17-466-6460,1,Gayle,142 Upham Trail
NIT,89-471-7316,0,Demetri,6834 Eastlawn Place
NIT,67-803-7553,1,Manon,600 Eastlawn Plaza
NIT,43-481-6699,0,Hercules,04174 Canary Street
NIT,62-972-5763,1,Fayre,369 Burrows Circle
NIT,18-575-3982,0,Hobey,20 Burning Wood Terrace
NIT,80-930-5065,0,Thadeus,60 Esch Plaza
NIT,05-504-1160,0,Gwyn,105 Laurel Court
NIT,15-381-2995,0,Maddalena,1605 Farmco Pass
NIT,60-428-3702,0,Noak,213 Brown Place
NIT,49-628-7288,1,Emery,757 Sunfield Way
NIT,67-647-4507,0,Myrtice,9 Grim Crossing
NIT,47-325-0569,1,Tiffi,49 Columbus Circle
NIT,11-306-0306,0,Martha,60926 Evergreen Terrace
NIT,55-001-6797,0,Sibyl,13 Mcbride Place
NIT,07-787-8750,1,Tymon,3812 Leroy Circle
NIT,13-650-4772,1,Eugenie,2 Tomscot Way
NIT,15-417-6427,1,Dani,76 Veith Drive
NIT,43-719-8728,0,Laney,990 Golf Course Alley
NIT,89-114-5770,0,Kerrie,3 8th Trail
NIT,37-433-3227,1,Jefferey,86 West Place
NIT,81-750-2294,1,Anthiathia,5005 Buell Place
NIT,65-588-9504,0,Arlen,122 Acker Pass
NIT,30-912-3668,0,Muhammad,1 Waxwing Terrace
NIT,44-033-0491,0,Ferd,307 Chive Terrace
NIT,21-685-0056,1,Tobias,4 Forest Road
NIT,71-930-3991,0,Lucien,3818 Division Crossing
NIT,55-640-6704,1,Margie,3605 Onsgard Pass
NIT,19-105-5495,1,Dannel,16 Scoville Plaza
NIT,69-205-0962,1,Cora,00 Bashford Place
NIT,50-369-2007,1,Noll,6776 Scoville Court
NIT,36-265-1327,0,Pamela,2 Vermont Parkway
NIT,05-734-5441,0,Moss,60 Boyd Park
NIT,46-835-0025,0,Nelie,71 Almo Parkway
NIT,32-144-7937,0,Frank,3567 Jay Avenue
NIT,47-771-3382,0,Lotty,68451 Kedzie Trail
NIT,30-565-1701,0,Henrietta,963 Gale Park
NIT,02-144-4586,0,Melanie,52 John Wall Circle
NIT,77-146-9765,1,Dorita,6 Rieder Trail
NIT,01-477-1348,0,Stanley,97898 Lake View Place
NIT,31-507-9440,1,Dietrich,616 Stang Alley
NIT,68-653-2526,1,Claudianus,2 Thierer Lane
NIT,59-552-5211,1,Giselle,3 Susan Drive
NIT,33-099-0287,0,Selle,42277 Scofield Point
NIT,10-230-9590,1,Tandi,8 Toban Avenue
NIT,98-384-7370,0,Bette-ann,378 Lake View Pass
NIT,58-260-4244,0,Berkeley,16033 Maryland Parkway
NIT,78-944-7988,1,Leonhard,21460 Vermont Plaza
NIT,74-377-6808,1,Bunni,2 Shopko Place
NIT,41-098-0045,0,Eduardo,66 Kinsman Way
NIT,94-442-2123,0,Angelo,21167 Atwood Trail
NIT,99-939-3529,0,Oates,37 Delaware Parkway
NIT,98-344-9854,0,Jeni,6 Upham Street
NIT,94-510-1577,1,Rhody,496 Milwaukee Parkway
NIT,32-285-4722,1,Sharline,03 Susan Pass
NIT,65-510-1881,1,Midge,7917 Burning Wood Point
NIT,69-424-5700,1,Papageno,8393 Victoria Drive
NIT,38-504-4498,1,Birdie,11359 Nevada Plaza
NIT,00-542-0217,0,Price,48 Waywood Terrace
NIT,24-624-5319,0,Ken,06 Montana Park
NIT,74-942-7496,0,Shep,481 Moland Alley
NIT,48-368-8080,1,Corliss,376 Green Ridge Street
NIT,29-886-1537,1,Todd,08 Hintze Circle
NIT,23-821-6655,0,Clarke,43 Ludington Alley
NIT,93-523-7296,0,Veronika,234 Atwood Center
NIT,61-339-0983,1,Korney,420 Del Sol Junction
NIT,28-524-0453,0,Harv,8 Moulton Point
NIT,15-350-2207,0,Clerc,4860 Twin Pines Hill
NIT,89-247-5933,0,Samara,7137 Hintze Pass
NIT,98-834-3721,0,Cheston,4 Forest Run Place
NIT,08-886-0484,0,Lyon,0619 Michigan Street
NIT,42-770-5769,1,Merrel,96222 Menomonie Hill
NIT,23-480-4954,0,Zorine,68 2nd Alley
NIT,11-512-5199,1,Clayborn,78792 Bartillon Park
NIT,00-569-2538,1,Mead,2 Mariners Cove Parkway
NIT,60-355-5593,1,Shaughn,7032 Novick Way
NIT,34-610-4649,0,Roseanne,55 Ohio Court
NIT,34-701-4899,0,Valentine,44 Kennedy Place
NIT,60-549-4101,1,Mayne,024 Arkansas Circle
NIT,84-900-4774,1,Sayre,514 Petterle Trail
NIT,48-257-5067,0,Dwight,56642 2nd Lane
NIT,02-071-0416,0,Guendolen,9547 Pond Crossing
NIT,11-013-1527,0,Corette,403 Annamark Crossing
NIT,41-261-2602,0,Dalila,624 Kensington Plaza
NIT,35-600-6477,0,Malena,230 Melrose Way
NIT,95-746-3090,1,Selie,45 Victoria Lane
NIT,01-791-2462,0,Mitch,332 Dapin Circle
NIT,31-149-9690,0,Viv,30 Monterey Drive
NIT,95-707-3726,0,Nevile,083 Transport Pass
NIT,34-091-5794,0,Jannel,1413 Sauthoff Way
NIT,36-689-6134,0,Nowell,22 Loftsgordon Park
NIT,90-050-6695,1,Pat,26568 Division Trail
NIT,54-687-4560,1,Deidre,048 South Junction
NIT,36-435-2935,0,Aridatha,2884 Nevada Terrace
NIT,40-076-7501,0,Adlai,90620 Colorado Alley
NIT,60-042-7987,0,Ethelbert,33 Mariners Cove Point
NIT,28-760-3252,0,Bren,3 Evergreen Pass
NIT,69-763-3779,0,Carolus,0 Jenna Place
NIT,41-552-7429,0,Grissel,10713 Portage Way
NIT,79-695-9980,0,Norbert,75 Jenna Junction
NIT,26-694-7423,0,Jdavie,4629 Graedel Street
NIT,85-897-2043,0,Ron,01763 Cody Center
NIT,72-220-3166,0,Karlie,9 Katie Place
NIT,68-985-6768,1,Holly,7073 Homewood Way
NIT,24-832-5134,1,Ardith,214 Rowland Terrace
NIT,59-773-5849,1,Clayson,6 Green Terrace
NIT,83-023-5587,1,Eartha,550 Harbort Drive
NIT,20-137-2253,1,Margarethe,69604 Dovetail Junction
NIT,97-761-6074,1,Karlyn,6214 Carberry Lane
NIT,55-447-7829,0,Ailee,14 Wayridge Junction
NIT,93-884-1047,0,Cy,8 Monica Way
NIT,67-343-3003,1,Amby,1040 Elmside Pass
NIT,42-596-9230,0,Ainslee,7529 Sutteridge Way
NIT,31-857-1066,0,Dionisio,8188 Heffernan Terrace
NIT,62-332-4503,0,Victor,39914 Northwestern Pass
NIT,32-386-4084,0,Dunstan,4 Jackson Terrace
NIT,55-102-7420,0,Rikki,6 Marquette Plaza
NIT,15-622-3307,0,Kristin,55478 Debra Crossing
NIT,91-001-5167,1,Quintana,690 Glacier Hill Street
NIT,95-145-7604,0,Marthe,3235 Barby Circle
NIT,50-583-4898,0,Rustin,298 Anthes Hill
NIT,26-304-8341,0,Hershel,45379 Sachs Pass
NIT,66-978-1528,0,Roddie,65774 Stoughton Place
NIT,18-924-7100,1,Bob,8658 Caliangt Place
NIT,84-626-0142,1,Agnes,4097 Anthes Avenue
NIT,81-644-6619,1,Kinny,59098 Service Road
NIT,32-648-7498,0,Lindsey,19 Acker Hill
NIT,56-650-2070,1,Bevvy,93517 Eliot Circle
NIT,69-220-4965,0,Enrico,6 Transport Place
NIT,88-575-6026,1,Russell,70917 Sheridan Way
NIT,06-813-1175,1,Egan,6743 Maple Wood Avenue
NIT,68-842-4908,1,Shurlock,516 Esker Park
NIT,30-146-9631,0,Farah,82835 Vahlen Plaza
NIT,96-761-0157,0,Karlen,83021 Hallows Center
NIT,70-364-8712,0,Drusi,9689 Prairieview Drive
NIT,57-189-6656,0,Correna,12537 Sundown Center
NIT,34-509-3728,1,Dora,03281 Hovde Trail
NIT,80-867-8896,0,Consalve,2639 Jenifer Road
NIT,49-779-6527,1,Colver,26663 Cordelia Terrace
NIT,47-127-8646,0,Lurlene,7 Sullivan Plaza
NIT,55-476-9327,1,Norene,9 Shopko Junction
NIT,61-570-1580,1,Taddeo,7286 Manley Center
NIT,45-016-5554,1,Chrissy,0231 Londonderry Road
NIT,68-648-2738,0,Christiana,2 Tennyson Circle
NIT,52-584-4600,1,Lauraine,64814 Amoth Hill
NIT,10-739-6996,0,Gavrielle,17626 Blue Bill Park Plaza
NIT,28-330-4718,0,Dermot,13641 Shopko Place
NIT,94-678-3852,0,Kendra,1 Redwing Circle
NIT,49-291-5824,0,Rayner,1 Springs Junction
NIT,82-730-3683,1,Monti,4 Nancy Park
NIT,59-225-5250,0,Meridel,9371 Fairfield Way